Kamen,ProjectKamen,02.11.2022
Ani,ProjectAni,03.11.2022
Branislav,ProjectBranislav,16.12.2022
Aneliya,ProjectAneliya,13.12.2022
Teodor,ProjectTeodor,20.12.2022
Gosho,ProjectGosho,05.12.2022
Daniel,ProjectDaniel,12.12.2022
Eli,ProjectEli,20.12.2022
Eli,ProjectEliNew,12.12.2022
Toma,ProjectToma,28.11.2022
Hristo,ProjectHristo,14.12.2022
Viktoria,ProjectVictoria,28.11.2022
Lyuben,ProjectLyuben,01.12.2022
Viktor,ProjectVictor,29.11.2022
Kremena,ProjectKremena,25.11.2022
Mihail,ProjectMihail,07.12.2022
Petko,ProjectPetko,20.03.2023
